seed	keyword	search_volume	cpc_usd	competition	kd	intent
employment lawyer	employment lawyer	135000	34.05	0.15	48	informational
employment lawyer	hkm employment attorneys	6600	8.2	0.14	1	navigational
employment lawyer	employment lawyer free consultation	6600	14.59	0.49	0	informational
employment lawyer	hkm employment attorneys llp	6600	8.2	0.14	0	navigational
employment lawyer	free consultation employment lawyer	6600	14.59	0.49	0	informational
employment lawyer	employment lawyers free consultation	6600	14.59	0.49	0	informational
employment lawyer	employment lawyer atlanta	2400	21.25	0.7	44	commercial
employment lawyer	seattle employment lawyer	1900	15.44	0.66	30	commercial
employment lawyer	labor lawyer seattle	1900	15.44	0.66	29	commercial
employment lawyer	seattle employment lawyers	1900	15.44	0.66	29	commercial
employment lawyer	georgia employment attorney	1900	12.88	0.4	44	commercial
employment lawyer	labor lawyer nyc	1900	24.69	0.29	37	commercial
employment lawyer	employment lawyer seattle	1900	15.44	0.66	30	commercial
employment lawyer	employment lawyer washington state	1600	17.38	0.53	17	commercial
employment lawyer	san diego employment lawyers	1600	45.3	0.83	38	commercial
employment lawyer	employment lawyer nyc	1300	31.14	0.7	41	commercial
employment lawyer	avvo attorney search	1000	12.93	0.47	100	informational
employment lawyer	wrongful termination lawyer free consultation	1000	13.82	0.64	0	transactional
employment lawyer	avvo com attorneys	880	26.52	0.64	100	commercial
employment lawyer	eeoc atlanta	880	8.11	0.15	12	navigational
employment lawyer	brooklyn bar association	880	7.48	0.07	20	navigational
employment lawyer	best employment attorney	880	25.15	0.45	46	commercial
employment lawyer	no win no pay employment lawyers near me	720	8.95	0.61	0	commercial
employment lawyer	top labor and employment law firms	720	12.03	0.52	15	commercial
employment lawyer	wrongful termination georgia	590	13.21	0.59	0	informational
employment lawyer	lawyers brooklyn	590	52.57	0.77	27	commercial
employment lawyer	nyc employment lawyer free consultation	480	14.56	0.7	18	informational
employment lawyer	best employment lawyers in nyc	480	24.78	0.63	37	commercial
employment lawyer	employment lawyer consultation	480	18.47	0.7	5	informational
employment lawyer	olympia attorneys	480	24.76	0.52	28	navigational
employment lawyer	employment lawyers nyc free consultation	480	14.56	0.7	18	informational
employment lawyer	divorce lawyers everett	480	18.62	0.63	14	commercial
employment lawyer	employment lawyer brooklyn	390	37.26	0.59	6	commercial
employment lawyer	employment lawyer tacoma	390	12.58	0.74	0	commercial
employment lawyer	best employment lawyers in new jersey	390	7.96	0.69	40	commercial
employment lawyer	wrongful termination nyc	390	12.55	0.64	0	informational
employment lawyer	employment discrimination attorney nyc	320	21.9	0.26	33	commercial
employment lawyer	wrongful termination lawyer nyc	320	22.38	0.68	9	informational
employment lawyer	wrongful termination lawyer washington state	320	15.1	0.29	18	informational
employment lawyer	wrongful termination lawyer atlanta	260	14.6	0.59	13	informational
employment lawyer	wrongful termination lawyer seattle	260	23.64	0.72	6	informational
employment lawyer	discrimination lawyers free consultation	260	11.6	0.61	0	informational
employment lawyer	best employment lawyers in houston	260	6.65	0.68	31	commercial
employment lawyer	ferraro vega employment lawyers	210	24.14	0.36	6	commercial
employment lawyer	best employment lawyers in atlanta	210	17.73	0.65	43	commercial
employment lawyer	no win no pay employment lawyers in georgia	210	9.55	0.65	37	commercial
employment lawyer	best employment attorney san diego	210	12.72	0.77	38	commercial
employment lawyer	avvo ask a lawyer	210	9.86	0.45	48	informational
employment lawyer	wrongful termination lawyers in georgia	210	12.13	0.61	5	commercial
employment lawyer	best employment lawyers in san diego	210	12.72	0.77	38	commercial
employment lawyer	employment lawyer bellevue	170	12.23	0.66	1	navigational
employment lawyer	employment lawyers atlanta free consultation	170	7.86	0.68	19	commercial
employment lawyer	national employment lawyers association/new york	170	6.81	0.2	26	navigational
employment lawyer	nela find a lawyer	170	21.84	0.38	11	informational
employment lawyer	best employment lawyer los angeles	170	50.17	1	38	commercial
employment lawyer	top 10 employment lawyers in los angeles	170	13.1	0.76	21	commercial
employment lawyer	employment lawyer olympia	140	18.15	0.64	11	navigational
employment lawyer	avvo employment lawyer	140	8.78	0.64	8	commercial
employment lawyer	eeoc lawyer atlanta	140	12.01	0.73	0	commercial
employment lawyer	best employment lawyers in seattle	140	8.05	0.59	33	commercial
employment lawyer	eeoc lawyer free consultation	140	10.23	0.72	1	informational
employment lawyer	unemployment lawyer nyc	140	33.87	0.62	0	informational
employment lawyer	hkm employment attorneys seattle	140	16.32	0.1	5	navigational
employment lawyer	hkm employment attorneys reviews	140	5.19	0.06	0	informational
employment lawyer	immigration lawyer everett	140	9.99	0.76	0	navigational
employment lawyer	employment lawyers seattle free consultation	110	10.95	0.58	29	informational
employment lawyer	washington employment lawyer free consultation	110	9.8	0.56	3	informational
employment lawyer	best employment lawyers in washington state	110	11.15	0.72	19	commercial
employment lawyer	wrongful termination cases won in georgia	110		0.49	0	informational
employment lawyer	employment lawyer los angeles free consultation	110	63.23	0.83	20	commercial
employment lawyer	seattle employment lawyer free consultation	110	10.95	0.58	29	commercial
employment lawyer	hkm employment attorneys denver	110	14.03	0.03	1	navigational
employment lawyer	best employment lawyers in arkansas	90	3.94	0.26	9	commercial
employment lawyer	lifetime legal olympia	90	6.81	0.1	0	informational
employment lawyer	best wrongful termination lawyers nyc	90	17.12	0.69	20	commercial
employment lawyer	pro bono employment lawyers nyc	90	8.97	0.73	14	commercial
employment lawyer	brooklyn lawyers free consultation	90	26.5	0.77	40	commercial
employment lawyer	seattle employment law	90	13.62	0.27	7	informational
employment lawyer	black employment lawyers atlanta free consultation	70	9.04	0.66	7	commercial
employment lawyer	free employment lawyer nyc	70	9.64	0.72	18	informational
employment lawyer	employment lawyer san diego free consultation	70	33.01	0.79	38	informational
employment lawyer	atlanta employment law firms	70	0.81	0.15	44	commercial
employment lawyer	estate attorney olympia	50	1.56	0.84	12	navigational
employment lawyer	black employment attorney atlanta	50	41.29	0.76	11	commercial
employment lawyer	how to find a good employment lawyer	50	6.64	0.57	15	informational
employment lawyer	ferraro vega reviews	50		0.03	5	informational
employment lawyer	san diego employment attorneys group	50	3.01	0.48	21	navigational
employment lawyer	free labor lawyer nyc	50	11.3	0.71	11	commercial
employment lawyer	best discrimination lawyers nyc	50	20.81	0.74	11	commercial
employment lawyer	black lawyers nyc	50	5.81	0.51	4	commercial
employment lawyer	hones law seattle	50	14.32	0.15	1	navigational
employment lawyer	best plaintiff employment law firms	50	2.51	0.39	23	commercial
employment lawyer	employment lawyer association	40	40.14	0.4	40	informational
employment lawyer	nyc employment lawyer free consultation reddit	40	12.24	0.43	3	navigational
employment lawyer	black employment lawyers nyc	40	12.31	0.46	0	commercial
employment lawyer	employment lawyers nyc wrongful termination	40	5.11	0.77	7	commercial
employment lawyer	best employment lawyer nyc	40	9.46	0.89	49	commercial
employment lawyer	employment lawyer everett wa	40	20.31	0.59	0	commercial
employment lawyer	national employment lawyers association phone number	40	5.03	0.43	25	informational
employment lawyer	henderson law group olympia	40	22.55	0.19	5	navigational
employment lawyer	eeoc lawyers in georgia	40	8.67	0.64	10	commercial
employment lawyer	georgia eeoc complaint form	40	3.06	0.13	50	informational
employment lawyer	black employment attorney near me	40	0.57	0.63	10	commercial
employment lawyer	workplace harassment lawyers nyc	40	33.45	0.79	17	commercial
employment lawyer	employment lawyer nyc contingency	30	15.14	0.87	18	commercial
employment lawyer	employment discrimination attorney seattle	30	8.06	0.63	30	commercial
employment lawyer	probate attorney olympia	30	12.51	0.7	0	commercial
employment lawyer	olympia law firms	30	6.25	0.22	18	commercial
employment lawyer	wrongful termination lawyer nyc free	30	6.88	0.81	4	informational
employment lawyer	wa state employment lawyer	20	5.94	0.74		informational
employment lawyer	eeoc lawyer nyc	20	77.53	0.74	20	commercial
employment lawyer	employment lawyer nyc reddit	20	5.28	0.21		informational
employment lawyer	plaintiff employment lawyers association	20	2.36	0.34	63	navigational
employment lawyer	pro bono employment lawyers atlanta	20	6.18	0.56		commercial
employment lawyer	best employment discrimination lawyers nyc	20	7.27	0.69	30	commercial
employment lawyer	black female employment attorney	20	5.29	0.52	8	commercial
employment lawyer	hkm employment attorneys llp portland	20	2.74	0.25		navigational
employment lawyer	unemployment lawyer seattle	20	15.08	0.63	9	commercial
employment lawyer	oregon employment lawyers association	10		0.14		informational
employment lawyer	trust attorney olympia wa	10		0.67		navigational
employment lawyer	eeoc atlanta office phone number	10	8.98	0.02		navigational
employment lawyer	atlanta eeoc walk in hours	10	17.64	0.01		informational
employment lawyer	how to choose an employment lawyer	10	3.11	0.23		informational
employment lawyer	hkm employment attorneys fees	10	5.89	0.09		commercial
employment lawyer	employment lawyer near california					commercial
employment lawyer	employment lawyer near texas					commercial
employment lawyer	employment attorney atlanta contingency					transactional
employment lawyer	national employment lawyers association referral service				60	navigational
employment lawyer	employment attorney snohomish county					navigational
wrongful termination lawyer	wrongful termination lawyer	60500	33.36	0.46	6	informational
wrongful termination lawyer	employment attorney near me	49500	24.63	0.63	23	commercial
wrongful termination lawyer	employment lawyer near me	49500	24.63	0.63	0	commercial
wrongful termination lawyer	employment attorneys near me	49500	24.63	0.63	23	commercial
wrongful termination lawyer	employment lawyers near me	49500	24.63	0.63	12	commercial
wrongful termination lawyer	hkm employment attorneys	6600	8.2	0.14	1	navigational
wrongful termination lawyer	employment lawyer free consultation	6600	14.59	0.49	0	informational
wrongful termination lawyer	wrongful termination lawyers near me	6600	19.43	0.74	32	commercial
wrongful termination lawyer	free consultation employment attorney	6600	14.59	0.49	0	informational
wrongful termination lawyer	free consultation employment lawyers	6600	14.59	0.49	0	informational
wrongful termination lawyer	employment attorney free consultation	6600	14.59	0.49	9	informational
wrongful termination lawyer	hkm employment attorneys llp	6600	8.2	0.14	0	navigational
wrongful termination lawyer	civil rights lawyers	5400	12.18	0.48	0	informational
wrongful termination lawyer	employment lawyer los angeles	4400	57.64	0.88	36	commercial
wrongful termination lawyer	los angeles employment lawyers	4400	57.64	0.88	36	commercial
wrongful termination lawyer	wrongful termination lawyer near me	2400	21.99	0.52	0	transactional
wrongful termination lawyer	employment lawyer dallas	1900	15.12	0.81	40	commercial
wrongful termination lawyer	dallas employment attorney	1900	15.12	0.81	24	commercial
wrongful termination lawyer	contingency lawyers near me	1900	89.48	0.99	0	commercial
wrongful termination lawyer	wrongful termination lawsuit	1600	16.26	0.26	3	informational
wrongful termination lawyer	employment attorneys in columbus ohio	1300	8.1	0.59	43	commercial
wrongful termination lawyer	employment lawyer boston	1300	29.45	0.66	25	commercial
wrongful termination lawyer	wrongful termination lawyer texas	1300	6.67	0.14	0	informational
wrongful termination lawyer	wrongful termination examples	1300	5.49	0.31	0	informational
wrongful termination lawyer	wrongful termination lawyer free consultation	1000	13.82	0.64	0	transactional
wrongful termination lawyer	wrongful termination lawyer los angeles	880	74.06	0.58	16	informational
wrongful termination lawyer	wrongful termination lawyer az	880	8.37	0.31	9	informational
wrongful termination lawyer	employment lawyers with free consultation near me	880	5.88	0.53	0	commercial
wrongful termination lawyer	labor lawyer orange county	880	44.15	1	16	commercial
wrongful termination lawyer	employment lawyer orange county	880	44.15	1	26	commercial
wrongful termination lawyer	eeoc wrongful termination	880	13.38	0.34	56	informational
wrongful termination lawyer	wrongful termination lawyer arizona	880	8.37	0.31	9	informational
wrongful termination lawyer	eeoc atlanta	880	8.11	0.15	12	navigational
wrongful termination lawyer	no win no pay employment lawyers near me	720	8.95	0.61	0	commercial
wrongful termination lawyer	employment lawyers near me free consultation	720	11.59	0.64	10	commercial
wrongful termination lawyer	employment attorney cleveland	720	7.61	0.52	14	commercial
wrongful termination lawyer	top labor and employment law firms	720	12.03	0.52	15	commercial
wrongful termination lawyer	wrongful termination georgia	590	13.21	0.59	0	informational
wrongful termination lawyer	best wrongful termination lawyers near me	590	16.29	0.59	0	commercial
wrongful termination lawyer	civil rights attorney los angeles	590	13.39	0.68	0	informational
wrongful termination lawyer	labor law attorney tucson	590	6.93	0.56	2	commercial
wrongful termination lawyer	wrongful termination law group	480	80.16	0.32	22	informational
wrongful termination lawyer	new york labor lawyers free consultation	480	14.56	0.7	18	informational
wrongful termination lawyer	nyc employment lawyer free consultation	480	14.56	0.7	18	informational
wrongful termination lawyer	employment lawyer consultation	480	18.47	0.7	5	informational
wrongful termination lawyer	wrongful termination lawyer no fee unless you win	390	15.79	0.79	0	informational
wrongful termination lawyer	employment attorneys cincinnati	390	9.55	0.46	14	commercial
wrongful termination lawyer	employment attorney cincinnati	390	9.55	0.46	12	commercial
wrongful termination lawyer	baltimore employment lawyer	390	8.49	0.6	21	commercial
wrongful termination lawyer	wrongful termination lawyer san antonio	390	10.91	0.6	4	informational
wrongful termination lawyer	wrongful termination az	320	8.38	0.58	0	informational
wrongful termination lawyer	texas employment lawyer free consultation	320	10.53	0.7	18	informational
wrongful termination lawyer	employment lawyer arizona free consultation	320	9.42	0.69	16	informational
wrongful termination lawyer	wrongful termination lawyer dallas	260	11.3	0.7	7	informational
wrongful termination lawyer	wrongful termination lawyer atlanta	260	14.6	0.59	13	informational
wrongful termination lawyer	employment lawyers dallas free consultation	260	12.65	0.67	16	commercial
wrongful termination lawyer	coffman employment lawyers	260	9.4	0.17	4	commercial
wrongful termination lawyer	rise law group	260	7.67	0.02	21	navigational
wrongful termination lawyer	maryland employment lawyer free consultation	260	6.2	0.71	22	commercial
wrongful termination lawyer	employment lawyers that work on contingency near me	260	20.91	0.72	0	commercial
wrongful termination lawyer	employment lawyer worcester	260	23.22	0.75	0	commercial
wrongful termination lawyer	wrongful termination cases won in texas	260	8.23	0.17	0	informational
wrongful termination lawyer	dallas employment lawyer free consultation	260	12.65	0.67	16	informational
wrongful termination lawyer	wrongful termination lawyer atlanta ga	260	14.6	0.59	3	informational
wrongful termination lawyer	ohio employment lawyers free consultation	210	7.13	0.66	26	informational
wrongful termination lawyer	best wrongful termination lawyer los angeles	210	55.41	0.8	16	commercial
wrongful termination lawyer	wrongful termination lawyers in georgia	210	12.13	0.61	5	commercial
wrongful termination lawyer	best employment lawyers in atlanta	210	17.73	0.65	43	commercial
wrongful termination lawyer	best employment lawyers in los angeles	210	55.92	0.8	35	commercial
wrongful termination lawyer	top employment lawyers in california	210	27.48	0.95	36	commercial
wrongful termination lawyer	employment lawyer las vegas free consultation	210	13.28	0.58	0	commercial
wrongful termination lawyer	wrongful termination lawyer in georgia	210	12.13	0.61	0	commercial
wrongful termination lawyer	no win no pay employment lawyers in georgia	210	9.55	0.65	37	commercial
wrongful termination lawyer	wrongful termination attorney georgia	210	12.13	0.61	3	informational
wrongful termination lawyer	top 10 employment lawyers in los angeles	170	13.1	0.76	21	commercial
wrongful termination lawyer	employment lawyers atlanta free consultation	170	7.86	0.68	19	commercial
wrongful termination lawyer	wrongful termination lawyer bakersfield	170	68.42	0.92	0	informational
wrongful termination lawyer	wrongful termination lawyer orange county	140	45.71	0.71	0	commercial
wrongful termination lawyer	wrongful termination lawyer tucson	140	8.68	0.68	0	informational
wrongful termination lawyer	employment lawyers phoenix free consultation	140	7.53	0.74	16	informational
wrongful termination lawyer	eeoc lawyer atlanta	140	12.01	0.73	0	commercial
wrongful termination lawyer	employment lawyer long beach	140	83.82	0.92	34	commercial
wrongful termination lawyer	best employment lawyers in boston	140	15.65	0.55	30	commercial
wrongful termination lawyer	best wrongful termination lawyers in texas	140	4.91	0.57	5	commercial
wrongful termination lawyer	best employment attorney in texas	140	6.36	0.43	31	commercial
wrongful termination lawyer	wrongful termination lawyer orlando	140	11.47	0.55	0	informational
wrongful termination lawyer	wrongful termination indiana lawyers	140	10.73	0.32	0	informational
wrongful termination lawyer	lawyers in phoenix free consultation	140	47.95	0.95	48	commercial
wrongful termination lawyer	eeoc lawyer free consultation	140	10.23	0.72	1	informational
wrongful termination lawyer	wrongful termination lawyers in az free consultation	110	8.44	0.69	2	commercial
wrongful termination lawyer	wrongful termination cases won in georgia	110		0.49	0	informational
wrongful termination lawyer	employment lawyer los angeles free consultation	110	63.23	0.83	20	commercial
wrongful termination lawyer	human rights law firm	110	17.72	0.08	10	commercial
wrongful termination lawyer	los angeles employment lawyers shegerian conniff	110	48.87	0.05	48	navigational
wrongful termination lawyer	eeoc lawyers in maryland	110	9.92	0.66	0	commercial
wrongful termination lawyer	wrongful termination lawyer cincinnati	90	10.57	0.36	0	informational
wrongful termination lawyer	employment lawyer pasadena	90	10.51	0.98	10	commercial
wrongful termination lawyer	employment lawyers baltimore free consultation	90	7.07	0.66	24	commercial
wrongful termination lawyer	discrimination lawyers dallas	90	27.87	0.68	15	commercial
wrongful termination lawyer	wrongful termination lawyer indianapolis	90	7.88	0.73	21	informational
wrongful termination lawyer	cincinnati employment lawyer free consultation	70	5.03	0.55	0	informational
wrongful termination lawyer	wrongful termination lawyer baltimore	70	9.32	0.55	9	informational
wrongful termination lawyer	romero law group	70	6.67	0.15	46	navigational
wrongful termination lawyer	black employment lawyers atlanta free consultation	70	9.04	0.66	7	commercial
wrongful termination lawyer	employment lawyer ma	70	12.61	0.43	16	commercial
wrongful termination lawyer	employment attorney frisco	70	6.08	0.73	14	commercial
wrongful termination lawyer	employment attorneys who work on contingency	70	12.7	0.75	0	commercial
wrongful termination lawyer	atlanta employment law firms	70	0.81	0.15	44	commercial
wrongful termination lawyer	wrongful termination lawyer pasadena	50	37.07	0.27	2	informational
wrongful termination lawyer	boston employment lawyers free consultation	50	11.23	0.71	27	informational
wrongful termination lawyer	best employment lawyers dallas	50	4.26	0.59	17	commercial
wrongful termination lawyer	best discrimination lawyers in dallas texas	50	16.73	0.62	2	commercial
wrongful termination lawyer	employment attorney plano	50	8.94	0.68	8	commercial
wrongful termination lawyer	black employment attorney atlanta	50	41.29	0.76	11	commercial
wrongful termination lawyer	best employment lawyers in cincinnati	50	6.18	0.41	13	commercial
wrongful termination lawyer	best employment lawyers in cleveland	50	11.6	0.4	27	commercial
wrongful termination lawyer	wrongful termination lawyer boston	50	12.19	0.39	15	informational
wrongful termination lawyer	black employment lawyers in dallas texas	50	8.87	0.5	7	commercial
wrongful termination lawyer	discrimination lawyers free consultation az	50	6.78	0.74	0	informational
wrongful termination lawyer	wrongful termination lawyer long beach	40	19.62	0.69	7	commercial
wrongful termination lawyer	wrongful termination lawyer irvine ca	40	22.52	0.46	11	informational
wrongful termination lawyer	nyc employment lawyer free consultation reddit	40	12.24	0.43	3	navigational
wrongful termination lawyer	best employment attorney in tarrant county	40	6.15	0.46	13	commercial
wrongful termination lawyer	best employment lawyers in tucson	40	6.56	0.47	0	commercial
wrongful termination lawyer	eeoc lawyers in georgia	40	8.67	0.64	10	commercial
wrongful termination lawyer	georgia eeoc complaint form	40	3.06	0.13	50	informational
wrongful termination lawyer	employment lawyer orange county free consultation	30	34.09	0.34	24	commercial
wrongful termination lawyer	eeoc arizona wrongful termination	30	16.42	0.49	12	informational
wrongful termination lawyer	discrimination lawyers tucson	30	5.14	0.58	0	commercial
wrongful termination lawyer	wrongful termination georgia statute of limitations	30		0	0	informational
wrongful termination lawyer	employment attorney dallas contingency	20	8.52	0.72	15	commercial
wrongful termination lawyer	wrongful termination law group reviews	20	10.45	0.45	3	commercial
wrongful termination lawyer	sage romero attorney	20		0.1	13	commercial
wrongful termination lawyer	labor and employment attorney dallas	20		0.86	10	commercial
wrongful termination lawyer	arizona termination requirements	20	5.3	0.06	0	informational
wrongful termination lawyer	pro bono employment lawyers atlanta	20	6.18	0.56		commercial
wrongful termination lawyer	employment discrimination lawyers cincinnati	10	4.84	0.55	3	commercial
wrongful termination lawyer	rise attorneys	10		0		commercial
wrongful termination lawyer	employment discrimination lawyers dallas tx	10	12.8	0.61	17	commercial
wrongful termination lawyer	wrongful termination az lawyer	10	17.14	0.77	9	informational
wrongful termination lawyer	contingency employment lawyers phoenix	10	11.83	0.68		commercial
wrongful termination lawyer	wrongful termination georgia retaliation	10	5.77	0.49	0	informational
wrongful termination lawyer	eeoc atlanta office phone number	10	8.98	0.02		navigational
wrongful termination lawyer	atlanta eeoc walk in hours	10	17.64	0.01		informational
wrongful termination lawyer	wrongful termination lawyer near california					commercial
wrongful termination lawyer	wrongful termination lawyer near texas					commercial
wrongful termination lawyer	wrongful termination lawyer free consultation near california					commercial
wrongful termination lawyer	wrongful termination lawyer fort worth				14	informational
wrongful termination lawyer	best employment lawyers in ohio				31	commercial
wrongful termination lawyer	robert klingler attorney cincinnati					commercial
personal injury lawyer	personal injury lawyer near me	301000	151.66	0.25	59	commercial
personal injury lawyer	injury lawyer near me	301000	151.66	0.25	25	commercial
personal injury lawyer	personal injury lawyer	201000	176.26	0.14	28	commercial
personal injury lawyer	personal injury attorneys	90500	135.45	0.15	35	commercial
personal injury lawyer	personal injury attorney	90500	135.45	0.15	55	commercial
personal injury lawyer	personal injury lawyer los angeles	18100	81.7	0.26	49	commercial
personal injury lawyer	los angeles personal injury attorney	18100	81.7	0.26	57	commercial
personal injury lawyer	defense attorneys	18100	55.7	0.53	15	commercial
personal injury lawyer	injury attorneys	14800	183.38	0.44	35	commercial
personal injury lawyer	personal injury lawyer las vegas	12100	159.49	0.31	60	commercial
personal injury lawyer	car accident lawyer los angeles	9900	76.63	0.24	18	commercial
personal injury lawyer	john morgan net worth	8100		0	15	informational
personal injury lawyer	car accident lawyer in las vegas	8100	99.92	0.22	39	commercial
personal injury lawyer	morgan & morgan law firm	6600	91.31	0.76	12	navigational
personal injury lawyer	california personal injury attorneys	6600	82.3	0.23	49	commercial
personal injury lawyer	california personal injury lawyer	6600	82.3	0.23	66	commercial
personal injury lawyer	work injury lawyer near me	6600	162.48	0.44	0	commercial
personal injury lawyer	personal injury lawyer cost	4400	39.64	0.37	0	commercial
personal injury lawyer	morgan and morgan reviews	3600	31.99	0.33	0	informational
personal injury lawyer	las vegas lawyers	2900	65.53	0.85	27	commercial
personal injury lawyer	attorneys in las vegas	2900	65.53	0.85	61	commercial
personal injury lawyer	car accident lawyer free consultation	2900	441.1	0.27	7	commercial
personal injury lawyer	personal injury lawyer usa	2400	119.65	0.69	64	commercial
personal injury lawyer	the dominguez firm	2400	134.01	0.42	33	navigational
personal injury lawyer	naqvi law	2400	118.83	0.47	17	informational
personal injury lawyer	how much does morgan and morgan take from a settlement	1900	41.22	0.34	0	informational
personal injury lawyer	personal injury defense lawyer	1900	60.96	0.63	3	commercial
personal injury lawyer	civil defense attorney	1900	14.48	0.66	2	commercial
personal injury lawyer	accident lawyer las vegas	1300	263.59	0.27	54	commercial
personal injury lawyer	meshbesher and spence	1300	5.83	0.27	11	navigational
personal injury lawyer	minneapolis personal injury lawyer	1300	57.82	0.35	51	commercial
personal injury lawyer	car accident lawyer no injury	1300	178.14	0.85	0	commercial
personal injury lawyer	personal injury lawyer glendale	1000	29.7	0.26	8	commercial
personal injury lawyer	how much does an injury lawyer make	1000	6.5	0.05	0	informational
personal injury lawyer	morgan and morgan locations	1000	33.09	0.47	22	navigational
personal injury lawyer	personal injury lawyer beverly hills	1000	22.15	0.12	20	commercial
personal injury lawyer	personal injury lawyer san bernardino	880	97.51	0.23	8	commercial
personal injury lawyer	personal injury lawsuit statute of limitations	880	63.78	0.14	42	informational
personal injury lawyer	best accident lawyers in las vegas	720	219.47	0.65	59	commercial
personal injury lawyer	civil lawyer las vegas	720	33.47	0.74	0	commercial
personal injury lawyer	civil lawyers in las vegas	720	33.47	0.74	0	commercial
personal injury lawyer	best car accident lawyers in los angeles	720	207.2	0.47	31	commercial
personal injury lawyer	personal injury settlement amounts examples	720	11.49	0.42	0	informational
personal injury lawyer	bodily injury settlement calculator	720	17.25	0.29	1	informational
personal injury lawyer	best personal injury lawyer atlanta	590	92.32	0.25	51	commercial
personal injury lawyer	how much of a 25k settlement will i get	590	11.01	0.27	0	informational
personal injury lawyer	what does a personal injury lawyer do	590	16.98	0.32	2	informational
personal injury lawyer	top personal injury attorney los angeles	480	82.36	0.33	53	commercial
personal injury lawyer	how often does morgan and morgan win	480	30.25	0.2	0	informational
personal injury lawyer	top personal injury lawyers	480	134.49	0.15	18	commercial
personal injury lawyer	harris and harris collections website	480	9.46	0.04	1	navigational
personal injury lawyer	richard harris law firm reviews	480	71.92	0.2	3	informational
personal injury lawyer	property damage car accident lawyer	480	159.22	0.7	0	commercial
personal injury lawyer	million dollar personal injury settlement example	480	7.28	0.19	0	informational
personal injury lawyer	how much do personal injury lawyers charge	480	57.84	0.34	0	informational
personal injury lawyer	personal injury lawyer maine	390	88.62	0.37	30	commercial
personal injury lawyer	morgan and morgan settlement reviews	390	42.1	0.27	0	informational
personal injury lawyer	nevada bar association attorney search	390	24.24	0.1	34	informational
personal injury lawyer	car accident lawyer glendale	390	5.44	0.23	0	commercial
personal injury lawyer	work injury law group	390	34.98	0.33	11	informational
personal injury lawyer	personal injury defense attorney near me	320	60.59	0.83	0	commercial
personal injury lawyer	derrick law firm conway sc	320	30.37	0.21	10	navigational
personal injury lawyer	lawyers in las vegas free consultation	320	55.18	0.72	7	informational
personal injury lawyer	best criminal lawyers in las vegas	320	35.84	0.48	45	commercial
personal injury lawyer	injury lawyers of nevada	320	60.51	0.63	44	commercial
personal injury lawyer	how much do lawyers take from car accident settlement	320	46.36	0.61	0	informational
personal injury lawyer	how much of a 50k settlement will i get	320	14.35	0.26	0	informational
personal injury lawyer	best lawyers in las vegas	260	63.06	0.52	13	commercial
personal injury lawyer	car accident defense attorney near me	260	141.93	0.91	20	commercial
personal injury lawyer	the shirvanian law firm	260	2.01	0.1	8	commercial
personal injury lawyer	chances of winning a personal injury lawsuit	260	47.79	0.43	0	informational
personal injury lawyer	top rated personal injury lawyers near me	210	77.33	0.37	24	commercial
personal injury lawyer	top 10 personal injury lawyers in atlanta	210	124.93	0.96	55	commercial
personal injury lawyer	best immigration lawyers in las vegas	210	13.23	0.85	14	commercial
personal injury lawyer	workers comp lawyer long beach	210	25.33	0.53	12	commercial
personal injury lawyer	big ben lawyers	210	62.96	0.16	0	commercial
personal injury lawyer	personal injury examples	210	43.94	0.3	5	informational
personal injury lawyer	top 10 personal injury lawyers near me	170	89.97	0.99	48	commercial
personal injury lawyer	derrick law firm myrtle beach	170	17.17	0.32	13	commercial
personal injury lawyer	top 10 personal injury law firms	170	35.46	0.98	9	commercial
personal injury lawyer	average personal injury settlement	170	15	0.23	14	informational
personal injury lawyer	harris personal injury lawyers san luis obispo	170	38.64	0.14	18	commercial
personal injury lawyer	farhan naqvi net worth	170		0.02	1	informational
personal injury lawyer	best work injury lawyers	170	138.49	0.77	2	commercial
personal injury lawyer	law firms in glendale ca	170	11.81	0.53	28	commercial
personal injury lawyer	do i need a lawyer for a car accident settlement	170	272.48	0.47	2	informational
personal injury lawyer	best medical malpractice lawyers in las vegas	170	19.53	0.49	0	commercial
personal injury lawyer	how to become a personal injury lawyer	170	24.33	0.2	0	informational
personal injury lawyer	largest personal injury law firms in us	140	19.89	0.3	30	commercial
personal injury lawyer	work injury lawyer los angeles	140	114.06	0.32	25	commercial
personal injury lawyer	best injury lawyer las vegas	140	297.95	0.78	58	commercial
personal injury lawyer	naqvi injury law reviews	140	58.68	0.29	16	commercial
personal injury lawyer	sally morin personal injury lawyers	140	216.35	0.27	6	commercial
personal injury lawyer	how to settle a car accident claim without a lawyer	140	44.52	0.52	0	informational
personal injury lawyer	how much of a $30k settlement will i get	140	10.22	0.31	0	informational
personal injury lawyer	what percentage do lawyers take for personal injury	140	19.18	0.27	0	informational
personal injury lawyer	personal injury lawsuit timeline	140	10.26	0.23	0	informational
personal injury lawyer	largest injury law firm in the world	110	127.6	0.33	23	informational
personal injury lawyer	siebencarey personal injury law	110	19.59	0.12	11	navigational
personal injury lawyer	las vegas attorneys list	110	30.01	0.42	10	informational
personal injury lawyer	top 10 personal injury attorneys in new york city	110		0.81	37	commercial
personal injury lawyer	maine malpractice lawyers	110	7.18	0.58	0	commercial
personal injury lawyer	work injury lawyer las vegas	110	142.06	0.31	6	commercial
personal injury lawyer	personal injury las vegas	110	11.61	0.59	58	commercial
personal injury lawyer	civil attorney las vegas free consultation	110	26.89	0.78	0	informational
personal injury lawyer	top accident and personal injury lawyers	110		0.12	29	commercial
personal injury lawyer	reasons to get a lawyer after car accident	110	24.34	0.57	0	informational
personal injury lawyer	how much do lawyers get paid for winning a case	110	7.15	0.12	0	informational
personal injury lawyer	how much do personal injury lawyers make per case	110		0.04	0	informational
personal injury lawyer	personal injury lawsuit payouts	110	28.25	0.57	16	informational
personal injury lawyer	types of personal injury cases	110	13.57	0.15	10	informational
personal injury lawyer	derrick law firm greenville sc	90	58.35	0.11	13	commercial
personal injury lawyer	is it worth hiring a personal injury attorney	90	168.86	0.46	0	informational
personal injury lawyer	what percentage does a lawyer get in a settlement case	90	17.74	0.11	0	informational
personal injury lawyer	best personal injury law firms	90	19.95	0.51	34	commercial
personal injury lawyer	morgan and morgan attorney search	90	52.72	0.49	35	commercial
personal injury lawyer	morgan and morgan settlement check	90	23.34	0.26	0	informational
personal injury lawyer	black personal injury lawyer atlanta	90	80.44	0.77	14	commercial
personal injury lawyer	derrick law firm focus group	90		0.02	0	navigational
personal injury lawyer	my lawyer took my settlement	90	15.84	0.09	0	informational
personal injury lawyer	benchmark injury law	90	68.3	0.12	14	informational
personal injury lawyer	las vegas injury law	70	259.31	0.34	59	commercial
personal injury lawyer	biggest personal injury law firms in california	70	226.51	0.78	54	commercial
personal injury lawyer	joe bornstein lawyer	70	42.86	0.48	52	commercial
personal injury lawyer	tsr injury law reviews	70	11.66	0.2	0	informational
personal injury lawyer	lawyers las vegas criminal	70	44.93	0.86	39	commercial
personal injury lawyer	the defenders las vegas	70	10.02	0.35	39	informational
personal injury lawyer	aghabegian law group	70	8.42	0.17	19	informational
personal injury lawyer	personal injury lawyer meaning	70		0.31	7	informational
personal injury lawyer	morgan and morgan largest law firm	50	44.92	0.41	23	commercial
personal injury lawyer	lawyers in las vegas for lawsuit	50	123.94	0.63	0	commercial
personal injury lawyer	las vegas lawyer billboards	50		0.01	0	commercial
personal injury lawyer	las vegas lawyer shooting	50		0	0	informational
personal injury lawyer	are personal injury lawyers worth it reddit	50	118.48	0.17	0	informational
personal injury lawyer	does morgan and morgan take all cases	40	23.91	0.35	8	commercial
personal injury lawyer	sieben law firm	40	25.49	0.67	53	navigational
personal injury lawyer	car accident defense attorney los angeles	40	118.76	0.93	23	commercial
personal injury lawyer	defense attorney for at fault accident	40	36.44	0.86	0	commercial
personal injury lawyer	morgan and morgan biggest case	30	26.32	0.34	1	informational
personal injury lawyer	harris personal injury lawyers san diego	30	104.13	0.27	15	commercial
personal injury lawyer	harris personal injury lawyers oceanside	30	27.76	0.25	19	commercial
personal injury lawyer	harris personal injury lawyers inc san jose reviews	30		0.07	22	commercial
personal injury lawyer	harris personal injury lawyers oakland	30	136.67	0.25	3	commercial
personal injury lawyer	best workers comp lawyer in maine	30	23.09	0.5	11	commercial
personal injury lawyer	derrick law firm florence sc	30	4.38	0.25	9	commercial
personal injury lawyer	robert eglet las vegas	30		0.49	0	navigational
personal injury lawyer	how to choose the best car accident lawyer	30	373.77	0.53	0	informational
personal injury lawyer	glendale injury firm	30	10.66	0.67	3	commercial
personal injury lawyer	what is the formula for personal injury settlements	30	7.71	0.44	0	informational
personal injury lawyer	personal injury lawyer salary reddit	30		0.02	0	informational
car accident lawyer	personal injury lawyer near me	301000	151.66	0.25	59	commercial
car accident lawyer	accident lawyers near me	301000	151.66	0.25	18	commercial
car accident lawyer	car crash lawyers	201000	241.83	0.12	4	commercial
car accident lawyer	personal injury lawyer	201000	176.26	0.14	28	commercial
car accident lawyer	car accident lawyer near me	135000	202.22	0.15	38	commercial
car accident lawyer	car wreck lawyers near me	60500	180.06	0.19	40	commercial
car accident lawyer	auto accident lawyers near me	60500	180.06	0.19	38	commercial
car accident lawyer	car accident attorney	49500	218.15	0.1	26	commercial
car accident lawyer	morgan and morgan law firm	33100	69.74	0.73	11	navigational
car accident lawyer	personal injury lawyers	14800	190.74	0.2	29	commercial
car accident lawyer	accident lawyer near me	14800	272.73	0.36	13	commercial
car accident lawyer	wrongful death attorney	14800	215.08	0.15	15	informational
car accident lawyer	john morgan net worth	8100		0	15	informational
car accident lawyer	morgan and morgan lawyers	6600	79.05	0.72	10	commercial
car accident lawyer	work injury lawyer near me	6600	162.48	0.44	0	commercial
car accident lawyer	personal injury lawyers in san diego	6600	145.24	0.15	49	commercial
car accident lawyer	personal injury attorneys florida	5400	141.47	0.32	48	commercial
car accident lawyer	car accident lawyer denver	4400	118.92	0.25	39	commercial
car accident lawyer	property damage lawyers near me	4400	63.15	0.69	0	commercial
car accident lawyer	car accident lawyer nyc	3600	156.74	0.05	31	commercial
car accident lawyer	ben abbott & associates	2900	84.29	0.23	0	navigational
car accident lawyer	morgan and morgan orlando attorneys	2900	97.41	0.43	34	commercial
car accident lawyer	car accident lawyer free consultation	2900	441.1	0.27	7	commercial
car accident lawyer	lawyers philadelphia	2400	43	0.72	42	commercial
car accident lawyer	florida car accident lawyer	2400	86.09	0.16	13	commercial
car accident lawyer	criminal lawyers philadelphia	2400	37.4	0.37	47	commercial
car accident lawyer	car accident lawyer brooklyn	2400	108.72	0.24	10	commercial
car accident lawyer	car accident lawyer long island	2400	72.15	0.13	8	commercial
car accident lawyer	sacramento car accident lawyers	2400	107.06	0.25	33	commercial
car accident lawyer	how much does morgan and morgan take from a settlement	1900	41.22	0.34	0	informational
car accident lawyer	contingency lawyers near me	1900	89.48	0.99	0	commercial
car accident lawyer	car wreck lawyers dallas	1900	207.39	0.27	34	commercial
car accident lawyer	accident lawyer queens	1900	73.06	0.3	27	commercial
car accident lawyer	car accident lawyer tulsa	1600	95.15	0.2	18	commercial
car accident lawyer	car accident lawyer fort lauderdale	1600	248.67	0.11	42	commercial
car accident lawyer	personal injury lawyer wisconsin	1600	59.97	0.26	48	commercial
car accident lawyer	personal injury lawyer tulsa	1600	37.83	0.46	31	commercial
car accident lawyer	car accident lawyer no injury	1300	178.14	0.85	0	commercial
car accident lawyer	personal injury lawyer milwaukee	1300	68.96	0.5	33	commercial
car accident lawyer	pennsylvania personal injury lawyer	1300	98.5	0.33	42	commercial
car accident lawyer	family lawyers philadelphia	1300	23.32	0.4	33	commercial
car accident lawyer	car accident lawyer indianapolis	1300	121.52	0.34	23	commercial
car accident lawyer	car accident lawyer jacksonville fl	1300	95.67	0.4	39	commercial
car accident lawyer	milwaukee personal injury lawyer	1300	68.96	0.5	33	commercial
car accident lawyer	morgan and morgan locations	1000	33.09	0.47	22	navigational
car accident lawyer	milwaukee attorney	1000	44.52	0.69	26	commercial
car accident lawyer	milwaukee lawyer	1000	44.52	0.69	26	commercial
car accident lawyer	milwaukee lawyers	1000	44.52	0.69	52	commercial
car accident lawyer	slip and fall lawyers in philadelphia	880	335.91	0.13	15	commercial
car accident lawyer	bhatt law group	880	75.6	0.11	10	navigational
car accident lawyer	car accident lawyer milwaukee	720	67.91	0.23	24	commercial
car accident lawyer	best car accident lawyers in nyc	720	236.33	0.17	39	commercial
car accident lawyer	milwaukee car accident lawyer	720	67.91	0.23	26	commercial
car accident lawyer	morgan and morgan complaints	720	46.52	0.16	6	informational
car accident lawyer	morgan and morgan negative reviews	590	39.1	0.17	0	informational
car accident lawyer	accident lawyer bronx	590	120.75	0.25	29	commercial
car accident lawyer	best personal injury attorney san diego	590	49.62	0.07	48	commercial
car accident lawyer	international lawyers	590	17.56	0.44	9	informational
car accident lawyer	average settlement for non injury car accident	480	27.86	0.61	0	informational
car accident lawyer	property damage car accident lawyer	480	159.22	0.7	0	commercial
car accident lawyer	martin law offices	480	18.94	0.35	15	commercial
car accident lawyer	blakeley law firm reviews	480	108.77	0.16	7	commercial
car accident lawyer	how often does morgan and morgan win	480	30.25	0.2	0	informational
car accident lawyer	car accidents lawyers	390	292.34	0.84	20	commercial
car accident lawyer	non injury car accident lawyers near me	390	148.83	0.9	3	commercial
car accident lawyer	civil lawyers in philadelphia	390	25.89	0.69	31	commercial
car accident lawyer	morgan and morgan settlement reviews	390	42.1	0.27	0	informational
car accident lawyer	morgan and morgan corporate office phone number	390	42.8	0.38	45	navigational
car accident lawyer	nicolet law firm	390	17.01	0.36	24	navigational
car accident lawyer	being sued for car accident what can they take	390	22.97	0.21	0	informational
car accident lawyer	car accident lawyer glendale	390	5.44	0.23	0	commercial
car accident lawyer	is it worth getting an attorney for a car accident	320	141.77	0.59	0	informational
car accident lawyer	personal injury attorney glendale	320	7.11	0.32	18	commercial
car accident lawyer	philadelphia injury attorney	320	230.44	0.66	54	commercial
car accident lawyer	defense attorney for car accident	320	165.45	0.83	0	commercial
car accident lawyer	what percentage does morgan and morgan take from a settlement	320	44.67	0.24	0	informational
car accident lawyer	typical car accident settlement amounts with injury	320	25.66	0.55	0	informational
car accident lawyer	best accident lawyers in philadelphia	260	104.99	0.47	54	commercial
car accident lawyer	best lawyers in philadelphia	260	46.32	0.59	19	commercial
car accident lawyer	malpractice lawyer tulsa	260	28.48	0.6	0	commercial
car accident lawyer	car accident defense attorney near me	260	141.93	0.91	20	commercial
car accident lawyer	civil lawyers who work on contingency	260	16.81	0.7	0	commercial
car accident lawyer	nicolet law milwaukee	260	131.91	0.28	44	informational
car accident lawyer	the shirvanian law firm	260	2.01	0.1	8	commercial
car accident lawyer	clearfield and kofsky	210	9.29	0.21	3	navigational
car accident lawyer	car accident settlement examples	210	15.44	0.38	0	informational
car accident lawyer	contingency lawyers meaning	210	73.51	0.09	16	informational
car accident lawyer	agemian law group	210	34.8	0.2	21	commercial
car accident lawyer	best car accident lawyer miami	170	236.1	0.37	36	commercial
car accident lawyer	list of lawyers in philadelphia	170	32.87	0.5	24	commercial
car accident lawyer	free lawyers in philadelphia	170	27.34	0.65	16	informational
car accident lawyer	top 10 criminal lawyers in philadelphia	170	10.27	0.72	42	commercial
car accident lawyer	morgan and morgan brooklyn	170	34.73	0.58	15	informational
car accident lawyer	wrongful termination lawyer tulsa	170	8.01	0.39	3	informational
car accident lawyer	morgan lawyers	170	57.6	0.68	9	commercial
car accident lawyer	has morgan and morgan ever lost a case	170	80.75	0.13	0	informational
car accident lawyer	car accident lawsuit settlement average	170	23.1	0.59	0	informational
car accident lawyer	civil contingency lawyers near me	170	15.65	0.67	0	commercial
car accident lawyer	law firms in glendale ca	170	11.81	0.53	28	commercial
car accident lawyer	hotel injury lawyer	170	402.64	0.19	0	commercial
car accident lawyer	what does a car accident lawyer do	140	78.34	0.14	0	informational
car accident lawyer	morgan and morgan car accident settlements	140	62.09	0.58	8	commercial
car accident lawyer	staver accident injury lawyers	140	32.67	0.41	7	commercial
car accident lawyer	how to settle a car accident claim without a lawyer	140	44.52	0.52	0	informational
car accident lawyer	heavy hitter lawyer	140	59.91	0.8	7	commercial
car accident lawyer	best car accident lawyers in new jersey	140	225.62	0.76	26	commercial
car accident lawyer	minor car accident settlement amounts	140	40	0.61	0	informational
car accident lawyer	property damage lawyer houston	140	36.05	0.51	0	commercial
car accident lawyer	top rated personal injury lawyers chicago	140	116.27	0.83	58	commercial
car accident lawyer	rosenfeld injury lawyers	140	8.46	0.42	26	commercial
car accident lawyer	reasons to get a lawyer after car accident	110	24.34	0.57	0	informational
car accident lawyer	best personal injury lawyers in milwaukee	110	87.99	0.91	48	commercial
car accident lawyer	best car accident lawyers in florida	110	163.47	0.57	56	commercial
car accident lawyer	minimum settlement for car accident	110	39.49	0.63	0	informational
car accident lawyer	best contingency lawyers near me	110	35.13	0.81	0	commercial
car accident lawyer	top accident and personal injury lawyers	110		0.12	29	commercial
car accident lawyer	haroutunian law	110	13.71	0.07	0	informational
car accident lawyer	car accident lawyer no win no fee	90	239.6	0.06	0	informational
car accident lawyer	car accident lawyer northeast philadelphia	90		0.22	3	commercial
car accident lawyer	morgan and morgan attorney search	90	52.72	0.49	35	commercial
car accident lawyer	reiff law firm	90	7.71	0.25	15	navigational
car accident lawyer	john morgan & morgan and morgan	90	39.27	0.32	58	informational
car accident lawyer	black lawyers in philadelphia	90	11.88	0.54	0	informational
car accident lawyer	morgan and morgan settlement check	90	23.34	0.26	0	informational
car accident lawyer	best car accident lawyers in sacramento	90	193.38	0.97	45	commercial
car accident lawyer	how much can someone sue for a car accident	90	33.48	0.55	0	informational
car accident lawyer	lawsuit for car accident settlements	90	126.42	0.54	0	informational
car accident lawyer	car property damage lawyers near me	90	111.95	0.92	0	commercial
car accident lawyer	property damage lawyer dallas	90	41.42	0.64	0	commercial
car accident lawyer	best personal injury lawyers in wisconsin	90	67.46	0.28	36	commercial
car accident lawyer	the pearce law firm	70		0.38	19	navigational
car accident lawyer	center city law firm	70	3.22	0.25	10	commercial
car accident lawyer	spear law firm	70	25.45	0.2	0	navigational
car accident lawyer	morgan and morgan tampa fl phone number	70	118.91	0.62	24	navigational
car accident lawyer	car accident settlement no injuries	70	48.87	0.64	0	informational
car accident lawyer	can you sue someone personally for a car accident	70	13.11	0.41	0	informational
car accident lawyer	contingency lawyers near me wrongful termination	70	11.65	0.68	0	commercial
car accident lawyer	aghabegian law group	70	8.42	0.17	19	informational
car accident lawyer	24 hour car accident lawyer	50		0.02	0	commercial
car accident lawyer	morgan & morgan accident attorneys	50	177.93	0.92	9	commercial
car accident lawyer	lemon law attorney milwaukee	50		0.26	1	commercial
car accident lawyer	best employment lawyers tulsa	50	8.78	0.49	0	commercial
car accident lawyer	does morgan and morgan take all cases	40	23.91	0.35	8	commercial
car accident lawyer	best commercial truck accident lawyer	40	398.01	0.43	11	commercial
car accident lawyer	no injury car accident compensation	40	78.49	0.64	0	informational
car accident lawyer	being sued for car accident 2 years ago	40	157.72	0.22	0	informational
car accident lawyer	auto accident lawyers near me free consultation	30	230.01	0.83	12	commercial
car accident lawyer	suing for car accident no injury	30	30.07	0.71	0	informational
car accident lawyer	warshafsky law firm reviews	30	2.03	0.19	0	navigational
car accident lawyer	philly injury lawyer reviews	30	35.49	0.49	20	commercial
unpaid wages lawyer	employment lawyer	135000	34.05	0.15	48	informational
unpaid wages lawyer	department of labor	110000	9.36	0.01	76	navigational
unpaid wages lawyer	employment lawyer near me	49500	24.63	0.63	0	commercial
unpaid wages lawyer	employment attorneys near me	49500	24.63	0.63	23	commercial
unpaid wages lawyer	employment lawyers near me	49500	24.63	0.63	12	commercial
unpaid wages lawyer	pro bono lawyers near me	14800	10.14	0.62	68	commercial
unpaid wages lawyer	department of labor nj	9900	6.51	0.02	30	navigational
unpaid wages lawyer	department of labor nyc	9900	11.5	0	58	navigational
unpaid wages lawyer	free consultation employment lawyer	6600	14.59	0.49	0	informational
unpaid wages lawyer	hkm employment attorneys	6600	8.2	0.14	1	navigational
unpaid wages lawyer	employment lawyer free consultation	6600	14.59	0.49	0	informational
unpaid wages lawyer	wrongful termination lawyers near me	6600	19.43	0.74	32	commercial
unpaid wages lawyer	department of labor ny	5400	11.29	0.01	60	navigational
unpaid wages lawyer	department of labor login	4400		0	44	navigational
unpaid wages lawyer	free lawyers for low-income families	4400	8.68	0.44	72	informational
unpaid wages lawyer	i need a lawyer and i have no money	4400	18.15	0.62	63	informational
unpaid wages lawyer	employment lawyer houston	3600	8.37	0.79	22	commercial
unpaid wages lawyer	department of labor phone number	3600	11.91	0.04	30	informational
unpaid wages lawyer	workplace lawyers chicago	2900	16.29	0.68	31	commercial
unpaid wages lawyer	department of labor unemployment	2900	4.56	0	42	navigational
unpaid wages lawyer	free legal advice hotline 24/7	2900	12.91	0.71	24	informational
unpaid wages lawyer	employment lawyer chicago	2900	16.29	0.68	17	commercial
unpaid wages lawyer	unpaid wages lawyer	2400	37.16	0.24	0	informational
unpaid wages lawyer	employment lawyer atlanta	2400	21.25	0.7	44	commercial
unpaid wages lawyer	employment attorney illinois	2400	7.83	0.35	12	commercial
unpaid wages lawyer	seattle employment lawyer	1900	15.44	0.66	30	commercial
unpaid wages lawyer	labor lawyer seattle	1900	15.44	0.66	29	commercial
unpaid wages lawyer	free attorney services	1600	16.91	0.58	63	informational
unpaid wages lawyer	talk to a lawyer for free 24/7 chat online	1600	14.16	0.7	52	transactional
unpaid wages lawyer	pro bono labor lawyer	1600	10.41	0.53	73	commercial
unpaid wages lawyer	employment lawyer washington state	1600	17.38	0.53	17	commercial
unpaid wages lawyer	department of labor complaint against employer	1600	8.74	0.16	38	navigational
unpaid wages lawyer	employment lawyer nyc	1300	31.14	0.7	41	commercial
unpaid wages lawyer	pro bono criminal lawyers near me	1300	7.59	0.48	67	commercial
unpaid wages lawyer	department of labor nj unemployment	1300	1.89	0.01	31	navigational
unpaid wages lawyer	labor board phone number	1300	18.3	0.22	54	informational
unpaid wages lawyer	pro bono lawyers for civil cases	1000	11.36	0.54	29	commercial
unpaid wages lawyer	wrongful termination lawyer free consultation	1000	13.82	0.64	0	transactional
unpaid wages lawyer	eeoc wrongful termination	880	13.38	0.34	56	informational
unpaid wages lawyer	female african american lawyers near me	880	14.84	0.47	2	commercial
unpaid wages lawyer	no win no pay employment lawyers near me	720	8.95	0.61	0	commercial
unpaid wages lawyer	dol department of labor	720	8.56	0.02	75	navigational
unpaid wages lawyer	top labor and employment law firms	720	12.03	0.52	15	commercial
unpaid wages lawyer	unpaid wages lawyer near me	590	22.2	0.44	0	informational
unpaid wages lawyer	workplace law partners	590	8.71	0.29	26	commercial
unpaid wages lawyer	nj department of labor phone number	590	13.39	0.02	21	informational
unpaid wages lawyer	wrongful termination lawyer illinois	590	8.45	0.32	0	informational
unpaid wages lawyer	black lawyers directory	590	9.72	0.35	7	commercial
unpaid wages lawyer	wrongful termination lawyer pro bono	480	13.81	0.55	26	transactional
unpaid wages lawyer	best employment lawyers in nyc	480	24.78	0.63	37	commercial
unpaid wages lawyer	employment lawyer consultation	480	18.47	0.7	5	informational
unpaid wages lawyer	nyc employment lawyer free consultation	480	14.56	0.7	18	informational
unpaid wages lawyer	free consultation employment lawyers near me	480	9.55	0.67	1	commercial
unpaid wages lawyer	wrongful termination lawyer houston	480	10.2	0.68	8	informational
unpaid wages lawyer	wrongful termination lawyer san diego	480	67.78	0.75	0	informational
unpaid wages lawyer	department of labor unpaid wages claim	480	8.17	0.13	29	informational
unpaid wages lawyer	nys department of labor phone number	480	11.33	0.01	21	informational
unpaid wages lawyer	employment lawyers nyc free consultation	480	14.56	0.7	18	informational
unpaid wages lawyer	free unemployment lawyer near me	390	6.79	0.55	21	informational
unpaid wages lawyer	employment lawyer brooklyn	390	37.26	0.59	6	commercial
unpaid wages lawyer	wrongful termination lawyer no fee unless you win	390	15.79	0.79	0	informational
unpaid wages lawyer	www labor nj gov unemployment benefits online	390	1.37	0.01	34	navigational
unpaid wages lawyer	black female attorneys	390	3.21	0.14	0	commercial
unpaid wages lawyer	employment discrimination attorney nyc	320	21.9	0.26	33	commercial
unpaid wages lawyer	civil rights attorney free consultation	320	7.75	0.59	7	informational
unpaid wages lawyer	employment lawyers free consultation near me	320	10.47	0.63	0	commercial
unpaid wages lawyer	best employment lawyer houston	260	6.65	0.68	29	commercial
unpaid wages lawyer	employment lawyers houston free consultation	260	8.04	0.78	10	informational
unpaid wages lawyer	employment lawyers dallas free consultation	260	12.65	0.67	16	commercial
unpaid wages lawyer	wrongful termination lawyer atlanta	260	14.6	0.59	13	informational
unpaid wages lawyer	wrongful termination lawyer seattle	260	23.64	0.72	6	informational
unpaid wages lawyer	employment lawyers that work on contingency near me	260	20.91	0.72	0	commercial
unpaid wages lawyer	wrongful termination lawyer indiana	260	6.98	0.28	0	informational
unpaid wages lawyer	ny department of labor complaint against employer	210	8.48	0.23	20	navigational
unpaid wages lawyer	employment lawyers chicago free consultation	210	12.45	0.71	17	informational
unpaid wages lawyer	best employment lawyers in san diego	210	12.72	0.77	38	commercial
unpaid wages lawyer	top employment lawyers in california	210	27.48	0.95	36	commercial
unpaid wages lawyer	ferraro vega employment lawyers	210	24.14	0.36	6	commercial
unpaid wages lawyer	best employment lawyers in atlanta	210	17.73	0.65	43	commercial
unpaid wages lawyer	no win no pay employment lawyers in georgia	210	9.55	0.65	37	commercial
unpaid wages lawyer	best employment lawyers san diego	210	12.72	0.77	38	commercial
unpaid wages lawyer	department of labor complaint phone number	210	11.22	0.18	29	informational
unpaid wages lawyer	department of labor wage and hour division complaint	210	10.8	0.09	28	navigational
unpaid wages lawyer	divorce lawyers chicago low-cost	210	22.31	0.67	30	commercial
unpaid wages lawyer	free civil suit lawyers in chicago	210	10.96	0.7	16	commercial
unpaid wages lawyer	unpaid wages lawyer nyc	170	20.2	0.03	0	informational
unpaid wages lawyer	employment lawyer bellevue	170	12.23	0.66	1	navigational
unpaid wages lawyer	department of labor file a claim	170	3.12	0.08	45	transactional
unpaid wages lawyer	california labor lawyer free consultation	170	59.01	0.64	20	informational
unpaid wages lawyer	employment lawyers atlanta free consultation	170	7.86	0.68	19	commercial
unpaid wages lawyer	federal employment lawyer free consultation	170	7.58	0.69	12	transactional
unpaid wages lawyer	wage theft prevention act	170		0.02	34	informational
unpaid wages lawyer	department of labor complaint form	170	13.81	0.04	34	informational
unpaid wages lawyer	free divorce lawyers chicago	170	7.93	0.63	27	commercial
unpaid wages lawyer	employment lawyer olympia	140	18.15	0.64	11	navigational
unpaid wages lawyer	eeoc lawyer houston	140	10.47	0.8	2	informational
unpaid wages lawyer	avvo employment lawyer	140	8.78	0.64	8	commercial
unpaid wages lawyer	eeoc lawyer atlanta	140	12.01	0.73	0	commercial
unpaid wages lawyer	best employment lawyers in seattle	140	8.05	0.59	33	commercial
unpaid wages lawyer	employment lawyers charlotte nc free consultation	140	8.17	0.46	20	commercial
unpaid wages lawyer	unemployment lawyer nyc	140	33.87	0.62	0	informational
unpaid wages lawyer	twc wage claim status	140		0	2	informational
unpaid wages lawyer	wage claim login	140	9.21	0.02	31	navigational
unpaid wages lawyer	illinois employment lawyers free consultation	140	10.62	0.67	5	informational
unpaid wages lawyer	employment lawyers seattle free consultation	110	10.95	0.58	29	informational
unpaid wages lawyer	wage theft nyc	110	6.76	0.29	14	informational
unpaid wages lawyer	black civil rights attorney chicago	110	7.88	0.59	10	informational
unpaid wages lawyer	employment lawyer los angeles free consultation	110	63.23	0.83	20	commercial
unpaid wages lawyer	washington employment lawyer free consultation	110	9.8	0.56	3	informational
unpaid wages lawyer	best employment lawyers in washington state	110	11.15	0.72	19	commercial
unpaid wages lawyer	department of labor complaint nj	110	6.09	0.23	16	navigational
unpaid wages lawyer	wage and hour division phone number	110	20.22	0.09	30	informational
unpaid wages lawyer	twc wage claim login	110		0	24	navigational
unpaid wages lawyer	wage theft punishment	110	7.58	0.03	17	informational
unpaid wages lawyer	employment discrimination attorney chicago	110	8.48	0.31	17	commercial
unpaid wages lawyer	ny department of labor unpaid wages claim	90	7.14	0.17	28	informational
unpaid wages lawyer	department of labor unpaid wages phone number	90	6.35	0.09	44	informational
unpaid wages lawyer	wrongful termination lawyers chicago free consultation	90	14.25	0.82	14	commercial
unpaid wages lawyer	best wrongful termination lawyers in houston	90	13.27	0.7	24	commercial
unpaid wages lawyer	best wrongful termination lawyers nyc	90	17.12	0.69	20	commercial
unpaid wages lawyer	employment lawyer dc free consultation	90	5.35	0.7	14	informational
unpaid wages lawyer	best employment lawyers in illinois	90	4.47	0.67	30	commercial
unpaid wages lawyer	pro bono employment lawyers nyc	90	8.97	0.73	14	commercial
unpaid wages lawyer	employment lawyer san diego free consultation	70	33.01	0.79	38	informational
unpaid wages lawyer	free employment lawyer nyc	70	9.64	0.72	18	informational
unpaid wages lawyer	labor lawyers free consultation near me	70	21.69	0.66	0	informational
unpaid wages lawyer	black employment lawyers atlanta free consultation	70	9.04	0.66	7	commercial
unpaid wages lawyer	best wrongful termination lawyer chicago	70	14.81	0.56	14	commercial
unpaid wages lawyer	best discrimination lawyers in chicago	70	16.76	0.57	14	commercial
unpaid wages lawyer	workplace law partners reviews	70		0.01	0	commercial
unpaid wages lawyer	best civil lawyers in chicago	70	22.1	0.74	9	commercial
unpaid wages lawyer	black employment lawyers in houston	50	5.2	0.74	27	commercial
unpaid wages lawyer	unemployment lawyer houston	50	18.74	0.85	24	informational
unpaid wages lawyer	houston discrimination lawyers free consultation	50	6.38	0.69	0	informational
unpaid wages lawyer	free labor lawyer nyc	50	11.3	0.71	11	commercial
unpaid wages lawyer	best discrimination lawyers nyc	50	20.81	0.74	11	commercial
unpaid wages lawyer	estate attorney olympia	50	1.56	0.84	12	navigational
unpaid wages lawyer	black employment attorney atlanta	50	41.29	0.76	11	commercial
unpaid wages lawyer	how to find a good employment lawyer	50	6.64	0.57	15	informational
unpaid wages lawyer	best wrongful termination lawyer san diego	50	36.96	0.82	5	commercial
unpaid wages lawyer	san diego employment attorneys group	50	3.01	0.48	21	navigational
unpaid wages lawyer	department of labor complaint against employer phone number	50	16.68	0.13	37	transactional
unpaid wages lawyer	check wage claim status	50	8.78	0.07		transactional
unpaid wages lawyer	find unpaid wages	50	3.27	0.14	52	informational
unpaid wages lawyer	black lawyers los angeles	50	14.15	0.7	0	commercial
unpaid wages lawyer	black lawyers nyc	50	5.81	0.51	4	commercial
unpaid wages lawyer	best civil rights attorney chicago	50	8.75	0.64	14	commercial
unpaid wages lawyer	texas unemployment lawyer free consultation	40	6.44	0.54	10	informational
unpaid wages lawyer	nyc employment lawyer free consultation reddit	40	12.24	0.43	3	navigational
unpaid wages lawyer	black employment lawyers nyc	40	12.31	0.46	0	commercial
